first_name,email,address,city,price,property_description,personalized_line,contact_source
Judy,jshuler@kw.com,180 Paw Paw Cv,Sylva,"$675,000","A Storybook Setting in the Heart of Webster! This very special home invites you to slow down, relax on the wrap-around porch with a glass of sweet tea, and enjoy the charm of small-town living-while being conveniently close to everything you need. Offering year-round accessibility and the rare convenience of a two-car attached garage, this beautifully maintained home blends character, comfort, and versatility. Step inside to a welcoming, versatile room featuring a striking stone fireplace and soaring ceiling. From there, the home flows effortlessly into the kitchen/dining area and spacious Great Room, where 9-foot ceilings and French doors with transoms fill the space with natural light. Step outside and discover even more places to enjoy this special setting. The porch is perfect for morning coffee, while the new stone and rock patio creates a beautiful gathering place for chilly evenings, whether you're enjoying the warmth of the fire, entertaining friends, or simply taking in the peaceful surroundings. The kitchen is truly a chef's paradise, featuring gorgeous granite countertops, custom cabinetry, and a Viking range-beautifully designed for both everyday living and entertaining. The main-level primary suite provides convenience and privacy, complemented by a main-level powder room. Upstairs, you'll find two guest bedrooms, a bonus room, and a full bath, providing plenty of room for family, guests, hobbies, or whatever life requires. Need a dedicated home office? There's space for that, too. Add the large level lawn, excellent internet, beautiful landscaping, and exceptional location, and this home offers an uncommon combination of lifestyle and convenience. And did we mention the location? Right in the heart of Webster and convenient to everything, yet tucked into a setting that feels wonderfully private and inviting. This is more than a house-it's a place to enjoy the porch, the garden, the gatherings, cozy evenings by the fire, quiet mornings, and all the little moments that make a home special. Truly a must-see-you won't be disappointed!",That stone fireplace at 180 Paw Paw Cv caught my eye. Cozy feature at that price point.,agent
,,4000 Kingcraig Ln,Zebulon,"$427,685","Discover the Jefferson at Rosinburg Glen, an ideal retreat with wooded homesites and convenient access to dining and outdoor recreation. This Jefferson brings 2,797 square feet across two floors, with three bedrooms, three full baths, a powder room, and a two-car garage. On the main level, the kitchen island sits at the center where the breakfast area and family room open around it, keeping the space connected without collapsing into one undifferentiated room. The primary suite, tucked just off the family room, holds its own corner of the main floor, complete with a dual-sink vanity and a five-foot shower. Upstairs, three bedrooms and a full bath share the floor with a flex area that handles whatever the week requires. After a full evening downstairs, the main-level suite is far enough away that the noise simply doesn't follow. Inside, you will find: A covered patio extends the main level outdoors. Glass doors on the study keep work separate but visible. Mudroom cubbies and a bench manage the daily drop zone. A utility sink in the laundry room handles bigger messes. Exterior flood lighting keeps the property well lit at night. Make your move before this home is gone. Book a private showing and see it firsthand.",That covered patio at 4000 Kingcraig Ln caught my eye. Nice setup at that price point.,
,,3416 Mackenzie Ln,Zebulon,"$431,800","Discover the Idlewild at Rosinburg Glen, an ideal retreat with wooded homesites and convenient access to dining and outdoor recreation. This Idlewild covers 2,729 square feet on two floors, with three bedrooms, two full baths, a powder room, and a two-car garage. The main level moves from a private study near the entry back through the kitchen, where a large island and walk-in pantry give the space real working room, and into the connected dining area and family room. A covered rear patio sits just beyond, pulling the main-level activity outside on good days. Upstairs, the primary suite has a tray ceiling and a generous walk-in closet, with two more bedrooms and a laundry room sharing the floor. The study handles a full work day quietly while the rest of the house runs at its own pace in the background. Key features include: LED lighting brightens the family room and upper flex space. A built-in seat is included in the primary shower. Mudroom cubbies with a bench sit near the garage entry. The finished garage interior adds a clean, usable space. Exterior flood lighting covers the outside of the home. Homes like this don't stick around for long. Schedule your private tour today and experience it for yourself.",That covered rear patio at 3416 Mackenzie Ln caught my eye. Nice setup at that price point.,
Edric,leslie@boldfayetteville.com,2000 Notland Ct,Fayetteville,"$449,000","This stunning, completely remodeled brick residence features 5 spacious bedrooms and 3.5 bathrooms, perfectly nestled on a large, private lot at the end of a quiet cul-de-sac. As you step inside, you are greeted by gorgeous hardwood floors that flow seamlessly throughout the entire main living level. The heart of the home is a chef-inspired kitchen adorned with premium Calcutta quartz countertops, making it as functional as it is beautiful. For entertainment, the home features a massive bonus room complete with a custom wet bar, while two separate, unheated enclosed sunrooms offer peaceful, sunlit spaces to relax and enjoy views of the property year-round. The exterior and mechanical features of this property are equally impressive and designed for worry-free living. The expansive backyard is a private oasis, completely enclosed by a rear vinyl fence ($20,000 value) that ensures both security and seclusion. Storage and utility abound in the oversized double-car garage, which comes equipped with a highly functional mud sink. Additionally, the entire home enjoys enhanced energy efficiency and comfort thanks to newly repaired and replaced HVAC systems. Combining timeless brick durability with high-end modern comforts, this rare cul-de-sac gem is entirely move-in ready.",That wet bar at 2000 Notland Ct caught my eye. Solid bonus at that price point.,agent
Jerry,jhelms@brunswickforest.com,2035 Colony Pines Dr,Leland,"$910,000","Experience refined coastal living in prestigious Cape Fear National at Brunswick Forest. This light-filled 3-bedroom, 3.5-bath home offers 3,486 square feet of beautifully appointed living space, with hardwood flooring throughout the main level and a thoughtful floor plan designed for both everyday comfort and effortless entertaining. From the moment you enter, the home's inviting character is evident. The spacious living area centers around a fireplace framed by custom built-ins and cabinetry, while a coffered ceiling adds architectural interest and an elegant touch. The formal dining area provides a gracious setting for gatherings, and fresh paint, updated lighting, and new ceiling fans enhance the home's bright, polished feel. The generous kitchen is sure to impress with gorgeous countertops, a large island with bar seating, updated stainless steel appliances, and a convenient casual breakfast nook. Just beyond, the glass-enclosed sunroom offers a serene retreat for morning coffee, reading, or relaxing while enjoying the coastal surroundings. With its own heating and cooling mini-split, this versatile space can be enjoyed throughout the seasons and opens directly to the rear patio, where a Napoleon Prestige gas grill makes outdoor entertaining a breeze. The spacious primary suite is a true retreat, featuring a tray ceiling and large carpeted bedroom. The luxurious en suite bath offers dual sinks, a soaking tub, walk-in shower, and an expansive walk-in closet. A comfortable guest bedroom and full bath are also located downstairs, along with an enhanced home office enclosed by a glass French door. The office provides a quiet, private workspace while offering the flexibility to accommodate overnight guests when needed. Upstairs, a finished flex space with its own full bathroom adds valuable versatility as a guest suite, media room, hobby space, or additional living area. Practical updates provide peace of mind, including a new main HVAC system installed in 2024 and a whole-home Generac generator complete with an existing maintenance agreement through July 2028. The freshly refinished garage floor adds a clean, finished touch to the generous garage space. Beautifully maintained and thoughtfully updated, this exceptional Cape Fear National home within walking distance to the Cape Fear National golf course offers the space, flexibility, comfort, and indoor-outdoor living sought by those embracing the Brunswick Forest lifestyle.",That Generac generator at 2035 Colony Pines Dr caught my eye. Solid bonus at that price point.,agent
Tahaia,KunnyBrothers@gmail.com,814 Gatewood Dr,Winterville,"$350,000","Make this house your home! Nestled on approximately 1.31 acres outside the city limits, this 4-bedroom, 2.5-bath home with an upstairs loft offers a welcoming great room, a main-level primary bedroom, and a combined kitchen and dining area that flows comfortably for everyday living and entertaining. Relax on the front porch or covered rear patio, and enjoy the added convenience of a wired storage building. Convenient to Highways 11 and 264, ECU Health, schools, and shopping.",That wired storage building at 814 Gatewood Dr caught my eye. Solid bonus at that price point.,agent
Adam,amartin@tlsrealtyllc.com,4503 E Oak Island Dr Unit 84,Oak Island,"$949,900","Coastal living just a short walk from the sandy shores of the Atlantic! This beautifully appointed 4-bedroom, 3-full-bath home offers 2,132 heated SF with an elevated coastal design and 2-car drive-under parking. The open living area features a fireplace with shiplap detail and flows into a stunning kitchen with Calacatta Laza quartz, 42-inch cabinetry, designer tile backsplash, large island, microwave drawer and vented canopy hood. A main-level bedroom and full bath provide flexible space for guests, while the upstairs primary suite features a luxury tiled shower, dual vanity and walk-in closet. Enjoy coastal breezes from the expansive screened deck, plus a complete outdoor shower for easy beach days. Full metal hip roof, designer lighting and upgraded flooring throughout. Close to the beach, town amphitheater, concerts, pickleball, tennis, parks, dining and shopping, all within Oak Island's LSV zone. Move-in ready beach living!",That outdoor shower at 4503 E Oak Island Dr Unit 84 caught my eye. Pretty handy for a beach house.,agent
Erica,erica@blazer-properties.com,10079 Fox Trotter Ln,Midland,"$615,000","Welcome home to 10079 Fox Trotter Ln in the Cedarvale Farms community! Positioned on a prime corner lot, this immaculate 5-bedroom, 3-bath residence seamlessly blends upscale architectural details with everyday comfort-plus highly desired Cabarrus County Schools! The main level features soaring 10ft ceilings, 8ft doors, rich engineered wood flooring, architectural archways, wainscot and timeless double crown molding. At the heart of the home is an open chef's kitchen and large dining area with upgraded cabinetry, a custom pantry, and a seamless transition to the formal dining room via a butler's pantry. The large living room has a beautiful fireplace and overlooks the screened in porch. A main-floor bedroom with an adjacent full bath offers ideal main-level guest or office options. Upstairs, retreat to the spacious primary suite complete with a tray ceiling, expansive walk-in closet, and luxurious en-suite. Step outside to your private oasis-a custom 10ft ceiling screened-in porch with tile flooring, speaker sytem, extended patio, and a fully irrigated, fenced backyard with lush landscaping. Complete with a tankless water heater, freshly painted exterior, 2-car garage, and you'll enjoy the active social committee as well as community pool access (May through September)! Enjoy a quick commute to I-485 and Uptown Charlotte, close proximity to the new Publix and Novant Mint Hill Hospital, and easy access to shopping and dining in nearby Harrisburg, Concord, Mint Hill, and Locust.",That screened porch at 10079 Fox Trotter Ln caught my eye. Nice setup at that price point.,advertiser
K.c.,KC@KCMcLaughlin.com,104 Ayelsford Dr,Cary,"$625,000","Welcome to your dream home in the heart of Cary! This gorgeous, well-maintained house has 4 bedrooms, 2.5 bathrooms, and a spacious 2,360 square feet of comfortable living space. Situated on a private, fenced corner lot, this property sits on a wonderful cul-de-sac street in the highly sought-after Lochmere neighborhood. Inside, you will find fresh paint and brand-new carpets throughout, making it completely move-in ready. The bright and open layout gives you plenty of room to relax or host guests. Location is everything, and this home delivers! You are just minutes away from downtown Cary, WakeMed Cary Hospital, and the vibrant Waverly Place shopping center. Grab your groceries at Whole Foods, enjoy local restaurants, catch a live concert at Koka Booth Amphitheater, or make an easy commute with close proximity to RDU Airport and RTP. Living in Lochmere means you get access to incredible community amenities. Spend your weekends exploring three community pools, lighted tennis and pickleball courts, and miles of scenic walking and bike trails. With beautiful lakes, boat ramps, a playground, and a clubhouse right in your neighborhood, every day feels like a vacation! Don't miss out on this amazing opportunity. Schedule your tour today and see all that this wonderful Cary home has to offer! Welcome to your dream home in the heart of Cary! This gorgeous, well-maintained house has 4 bedrooms, 2.5 bathrooms, and a spacious 2,360 square feet of comfortable living space. Situated on a private, fenced corner lot, this property sits on a wonderful cul-de-sac street in the highly sought-after Lochmere neighborhood. Inside, you will find fresh paint and brand-new carpets throughout, making it completely move-in ready. The bright and open layout gives you plenty of room to relax or host guests. Location is everything, and this home delivers! You are just minutes away from downtown Cary, WakeMed Cary Hospital, and the vibrant Waverly Place shopping center. Grab your groceries at Whole Foods, enjoy local restaurants, catch a live concert at Koka Booth Amphitheater, or make an easy commute with close proximity to RDU Airport and RTP. Living in Lochmere means you get access to incredible community amenities. Spend your weekends exploring three community pools, lighted tennis and pickleball courts, and miles of scenic walking and bike trails. With beautiful lakes, boat ramps, a playground, and a clubhouse right in your neighborhood, every day feels like a vacation! Don't miss out on this amazing opportunity. Schedule your tour today and see all that this wonderful Cary home has to offer!",That lake access at 104 Ayelsford Dr caught my eye. Nice perk at that price point.,agent
Dion,,552 Carolyn Ln,Charlotte,"$499,990","Welcome to 548 Carolyn Lane, where modern luxury meets spacious, functional living! This beautifully designed 4-bedroom, 2.5-bath home offers 2,183 square feet and an impressive open floor plan that's perfect for entertaining and everyday comfort. The gourmet kitchen features a gas range, luxury finishes, generous cabinetry, and a large island overlooking the main living area. Upstairs, you'll find spacious secondary bedrooms and an inviting primary suite featuring two walk-in closets and a beautifully finished private bathroom. Enjoy an attached two-car garage, a large level backyard, and the freedom of no HOA. Conveniently located near UNC Charlotte, Uptown, shopping, dining, and major highways-this move-in-ready home delivers the space, style, and value you've been waiting for!",,advertiser_name_only
Alexis,alexis@yourncdreamhomes.com,150 Star Valley Dr,Angier,"$450,000","Welcome to 150 Star Valley Drive, where ranch-style living means comfort, space, and everything you need all on one level. Built in 2021, this thoughtfully designed home offers true single-level living with a spacious, open layout that makes everyday life feel effortless. The heart of the home is the generous kitchen, centered around a large island with plenty of room for gathering, cooking, and entertaining. The huge primary suite offers a private retreat with space to unwind, while the additional bedrooms provide flexibility for guests, family, or a home office. The easy living continues outdoors with a screened porch perfect for slow mornings and Carolina evenings, plus a patio for grilling and entertaining. A storage shed adds extra functionality, and the extended driveway provides additional parking space. Conveniently located just minutes from I-40, offering easy access to Raleigh, Garner, and surrounding areas. If you've been searching for a newer ranch with generous living spaces, inviting outdoor areas, and the convenience of having it all on one floor, then this home is one you'll want to see.",That screened porch at 150 Star Valley Dr caught my eye. Nice setup at that price point.,agent
The,,6224 Westheart Way,Charlotte,"$982,354","Experience elevated living at the River District in the Biscoe, a full walkout basement home beautifully positioned on a private, wooded homesite and peaceful tree views from nearly every window. Designed to bring the outdoors in, this light-filled home showcases an abundance of windows, an open and sophisticated main living level, highlighted by a luxurious Primary Suite conveniently located on the main floor. The finished walkout basement creates an exceptional extension of the home, featuring a spacious Game Room, private Bedroom and full Bath-an ideal retreat for guests, entertaining, a home office, or multigenerational living. Step outside and enjoy the serenity of your private, tree-lined backdrop with a setting that feels wonderfully secluded. Beyond your front door, River District offers a lifestyle unlike any other in Charlotte, with miles of walking and nature trails, parks, greenways, community gathering spaces, and neighborhood amenities designed to bring everyday conveniences and connections close to home. Enjoy the beauty of nature while remaining within easy reach of Uptown Charlotte, shopping, dining, and major employment centers. From its private wooded setting and stunning natural light to its spacious walkout basement and main-level Primary Suite, this exceptional Biscoe offers the perfect blend of luxury, privacy, flexibility, and an amenity-rich lifestyle in River District.",That walkout basement at 6224 Westheart Way caught my eye. Pretty handy at that price point.,advertiser_name_only
Susan,Susand@ivesterjackson.com,8744 Acadia Pkwy,Sherrills Ford,"$560,000","Offering $10,000.00 towards closing costs. Welcome to 8744 Acadia Parkway, where thoughtful design, custom upgrades, and an inviting open floor plan come together in this beautifully appointed home in the Sherrills Ford community of Laurelbrook. Offering approximately 2,650 square feet with three bedrooms, two-and-a-half baths, and a two-car garage, this home has been enhanced with features that add both style and functionality. At the heart of the home is the gorgeous kitchen, designed for gathering and entertaining. An oversized island serves as an impressive centerpiece, with plenty of room for family and friends to gather, while the open-concept design creates an effortless flow between the kitchen and main living areas. A butler's pantry and custom pantry provide exceptional additional storage and make entertaining even easier. The dedicated home office is equally impressive, featuring custom built-ins and floating shelves that create a beautiful and functional workspace. Thoughtful improvements continue throughout the home with a custom-designed primary closet, additional laundry-room cabinetry, and custom garage storage that maximizes every inch of space. Outside, an extended concrete patio offers plenty of room for dining, grilling, and entertaining while overlooking open space-a wonderful backdrop that adds to the home's privacy and openness. Ideally positioned within the community, the home is also within walking distance of the neighborhood pool and tennis courts, making it easy to enjoy the amenities just steps from your front door. Beautifully maintained and filled with upgrades already completed for you, 8744 Acadia Parkway offers an open layout, exceptional storage, entertaining space, and custom details that make a home truly stand out.",That custom garage storage at 8744 Acadia Pkwy caught my eye. Solid bonus at that price point.,advertiser
,,10320 Hamish Dr,Zebulon,"$402,230","Take a look at the Idlewild at Rosinburg Glen, an ideal retreat with wooded homesites and convenient access to dining and outdoor recreation. This Idlewild opens across 2,729 square feet on two floors, with three bedrooms, three full baths, and a two-car garage. The kitchen sits at the center of the main level, where a large island connects to the dining area and family room in one continuous space. A walk-in pantry keeps the kitchen organized, and a covered rear patio brings that open living feel outside. Upstairs, the primary suite includes a walk-in closet and a private bath, with two more bedrooms and a laundry room rounding out the second floor. A fourth room off the entry works as a bedroom suite, adding flexibility for guests or extended stays. Your new home features: Mudroom cubbies with a bench sit near the garage entry. A built-in seat in the primary shower adds everyday comfort. A tray ceiling gives the primary suite added dimension. Exterior flood lighting extends visibility around the home. GE electric appliances outfit the kitchen. Homes like this don't stick around for long. Schedule your private tour today and experience it for yourself.",That covered rear patio at 10320 Hamish Dr caught my eye. Nice setup at that price point.,
Leslie,,8317 Fallsdale Dr,Charlotte,"$474,900","Welcome to Coulwood Hills, a charming and established neighborhood in West Charlotte! This beautifully maintained all-brick ranch offers easy one-level living with 3 spacious bedrooms and 2 full bathrooms. Inside, you'll love the remodeled open-concept kitchen and den. With new counter tops, stainless steel appliances and new cabinets this space will be such a inviting space that's perfect for gathering with family and friends, enjoying a quiet morning, or simply relaxing at home. This property has tons of room for storage with an attached garage and 2 outdoor buildings. Step outside to the fenced backyard, offering plenty of room for pets to play, gardening, or entertaining. And with no HOA, you'll have the freedom to make the most of your home and property. Coulwood Community council is a voluntary membership organization with access to a clubhouse. The neighborhood has a community pool that has membership options. More information With convenient neighborhood amenities and everyday essentials just a short distance away, this home offers comfort, convenience, and a welcoming place to call home. Come take a look-you may just fall in love with Coulwood Hills!",Those two outdoor buildings at 8317 Fallsdale Dr caught my eye. Solid storage at that price point.,advertiser_name_only
,,4004 Kingcraig Ln,Zebulon,"$397,455","Take a look at the Idlewild at Rosinburg Glen, an ideal retreat with wooded homesites and convenient access to dining and outdoor recreation. This Idlewild spans 2,729 square feet across two floors, with three bedrooms, two full baths, a powder room, and a two-car garage. Off the entry, a private study sits apart from the main living area, its door closing out whatever is happening in the kitchen and family room beyond. The kitchen connects directly to the dining space and family room, with a large island and a walk-in pantry keeping everything within reach. A rear patio brings the main level outside. Upstairs, the primary suite has a tray ceiling, a walk-in closet, and a garden tub in the bath, while two additional bedrooms share a bath with a dual vanity. When one person needs a quiet hour in the study, the rest of the house stays open and moving. Key features include: An electric fireplace anchors the family room. Mudroom cubbies and a bench sit near the garage entry. LED lighting runs through the upper flex space and family room. Exterior flood lighting covers the outside of the home. A laundry window brings light into the upper-level laundry room. This home won't last long! Schedule your private tour today and see all that this incredible property has to offer.",That electric fireplace at 4004 Kingcraig Ln caught my eye. Nice touch at that price point.,
Darleen,darleen.simmons@dashnc.com,1065 Sidney Creek Dr,Zebulon,"$360,000","Welcome home to this inviting 3-bedroom, 2.5-bath home featuring an open-concept layout filled with natural light. The kitchen offers granite countertops, a spacious island, pantry, and plenty of room for everyday meals or entertaining. The open design creates an easy flow between the kitchen and living areas, making the main level feel bright and welcoming. Upstairs, a versatile loft provides additional living space that can easily serve as a home office, media area, playroom, or lounge. The large primary suite offers a comfortable retreat with plenty of space to unwind, while two additional bedrooms provide flexibility for guests or other needs. Step outside to enjoy the back patio, perfect for relaxing or outdoor dining. Neighborhood amenities add even more to enjoy, including a community pool, dog park, playground, and tennis courts. With flexible living spaces both upstairs and down and a variety of community amenities just outside your door, this home offers comfort and convenience for everyday living!",That loft at 1065 Sidney Creek Dr caught my eye. Nice bonus at that price point.,agent
,,10300 Hamish Dr,Zebulon,"$460,235","Introducing the Jefferson at Rosinburg Glen, an ideal retreat with wooded homesites and convenient access to dining and outdoor recreation. This Jefferson brings 2,797 square feet across two floors, with three bedrooms, two full baths, a powder room, a two-car garage, and the primary suite on the main level. The kitchen opens to the breakfast area and family room, with the island holding prep space on one side and a place to gather on the other. The electric fireplace adds warmth to the family room without competing with the open flow. The main-level primary suite, complete with a built-in seat shower, sits apart from the living area for real quiet at the end of the day. Upstairs, three bedrooms and a full bath share the floor with a flex area that shifts to whatever the week calls for. Mudroom cubbies and a bench inside the garage keep gear from spreading into the rest of the house. Standout features: A basement with covered deck extends outdoor living below grade. The study with glass doors keeps work separate but visible. A secondary bath with dual vanity serves the upper floor. Your next chapter starts here. Schedule a private tour today to view this exceptional home.",That covered deck at 10300 Hamish Dr caught my eye. Nice setup at that price point.,
Kaylee,kwilson@tlsrealtyllc.com,103 Gardenview Dr Unit 392P,Pittsboro,"$576,900","BUILD YOUR MONTCREST IN MEADOWVIEW! This proposed 2,757 SF home offers a spacious design with 4 bedrooms, 3 full baths and an attached 2-car garage. The standard plan features a main-level Primary Suite plus two additional main-level bedrooms, an open Great Room, Kitchen and Dining area, Nook, convenient Laundry and covered rear porch. Upstairs, a private fourth bedroom, full bath and versatile Loft provide additional living space. Want to personalize it? True Homes' semi-custom approach offers available structural and design choices, including additional bedroom configurations, Study, Sitting Room, expanded outdoor living and Primary Bath options. Choose your finishes and create a home that fits the way you live. Proposed construction-let's build your dream home!",That covered rear porch at 103 Gardenview Dr Unit 392P caught my eye. Nice setup at that price point.,agent
Robin,robin.hurd@crsmail.com,7003 S Providence Rd,Waxhaw,"$614,900","A private country setting with the convenience of being just minutes from Downtown Waxhaw! Set on 2.5 acres, this spacious 3-bedroom ranch offers plenty of room to spread out, with a thoughtful renovation that makes the home feel fresh, open, and inviting. The major renovation created an open floor plan with an updated kitchen and bathrooms, new 12mm laminate Hickory wood flooring throughout, fresh paint, and new light fixtures. The great room features a vaulted ceiling and a spectacular stacked-stone, wood-burning fireplace that creates a warm focal point for the space. Kitchen has beautful new York chocolate cabinets, granite countertops and stainless steel appliances including a gas range, The split-bedroom layout provides privacy, with the primary suite on one side of the home and the secondary bedrooms and full bath on the other. A half bath was added to the laundry room, making this space even more functional. Step outside onto the newly painted, oversized deck overlooking the large, private backyard with 12 x 12 storage shed. The back deck is an ideal spot to enjoy the peace and privacy of the property. A newly installed crushed-asphalt driveway with a half-circle provides plenty of parking, with room for approximately 10 cars in addition to the 2-car garage. Recent improvements also include a new well water tank, new well pump, a septic pump that is less than five years old with a lifetime warranty, and a whole-house water softener. If you've been looking for space, privacy, and a home that's close to everything Waxhaw has to offer, this one is worth seeing. Enjoy the quiet of acreage and country living while being only minutes from the shops, restaurants, and charm of historic Downtown Waxhaw-all with NO HOA restrictions! And NO CITY TAXES!",That storage shed at 7003 S Providence Rd caught my eye. Solid bonus at that price point.,advertiser
Jacqueline,jkretzer@rwtowne.com,142 Green View Rd,Moyock,"$440,000","Welcome to 142 Green View Road, nestled in the desirable Eagle Creek golf course community of Moyock! This well-maintained 4-bedroom, 2.5-bath home offers comfortable living space with thoughtful updates throughout. The inviting great room features a fireplace and built-in shelving, while the kitchen offers a breakfast nook, breakfast bar in addition to the dining room. The primary suite features a cathedral ceiling and a beautifully tiled shower. Step outside to enjoy a fenced backyard with a wooded backdrop, offering added privacy and a peaceful setting for outdoor living. An oversized patio provides plenty of room for entertaining or simply unwinding and the shed can get a lot of tools and supplies out of the garage. Location is a gem, conveniently located near the Virginia state line with easy access to Chesapeake and the surrounding Hampton Roads.",That oversized patio at 142 Green View Rd caught my eye. Solid setup at that price point.,agent
Jennifer,jennrichardsonrealtor@gmail.com,46 Vella Ln,Wilmington,"$599,000","Coastal living meets privacy and space in this beautifully maintained home, ideally located less than one mile from the Intracoastal Waterway and Scott's Hill Marina. Tucked away in an intimate cul-de-sac community with just 9 homes surrounded by mature trees, this home offers a peaceful retreat while keeping you just minutes from Wilmington, area beaches, shopping, dining, and everyday conveniences. Set on just under a half acre lot, the home welcomes you with a bright, open floor plan featuring 9-foot ceilings, crown molding, LVP flooring throughout, and a spacious living area centered around a cozy fireplace. The kitchen is designed for both everyday living and entertaining, with granite countertops, soft-close cabinetry, a double oven, large pantry, and plenty of prep and gathering space. The first-floor primary suite offers a relaxing retreat with a tray ceiling, walk-in closet, and spacious ensuite bath featuring a garden tub, step-in shower, and double vanity. Upstairs, three additional bedrooms, two full bathrooms, an enormous versatile loft, and abundant storage provide plenty of room to spread out, work from home, or host overnight guests. Outside, the fully fenced backyard offers space to unwind, entertain, or enjoy the coastal Carolina weather, complete with a patio and fire pit for evenings spent under the stars. Located in a sought-after school district near the Abbey Preserve Nature Trail, with boating and waterfront recreation less than a mile from your front door, this home offers the lifestyle so many buyers are looking for--space, privacy, convenience, and easy access to the coast.",That enormous loft at 46 Vella Ln caught my eye. Solid bonus at that price point.,agent
Becky,becky@swansonrealtync.com,3623 Wingfoot Dr,Southport,"$699,999","Situated on a generous, mostly private .42- acre lot abutting one of the protected nature reserves in St. James, this custom home offers room to spread out while also being able to enjoy the peaceful outdoors. New Roof and fresh paint in 2022 and reinforced foundation in 2026. Inside the home, you will find vaulted ceilings in the living, primary and bonus rooms. Attention to detail is throughout the home, including beautiful cherry kitchen cabinets, gorgeous granite countertops and a built-in pantry to make the open kitchen a chef's dream. Plantation shutters, retractable awning, and fireplace are added bonuses. Built-ins can be found throughout the home in the living area, primary bedroom and office; space was used wisely in every design aspect of this home! A spread-out floor plan allows for plenty of room for everyday living and entertaining in a warm and welcoming atmosphere, as well as quiet time and relaxation. The additional bonus rooms offer unique flexibility and privacy - for homeowners or guests - whether for work, hobbies or hosting. A finished, heated sunroom is located right off the primary and living areas for an escape close to nature. Adjustable, overhead and built in garage storage creates even more space for securing your items. Step outside onto the covered front or back porch and enjoy the peaceful, mature setting of this end cul-de-sac lot and the established side of St. James. Plus, it's only a street away from the Members Club and all the activities that makes St. James such a desirable neighborhood! Seller has done a pre-listing inspection and is willing to share with potential buyers.",That heated sunroom at 3623 Wingfoot Dr caught my eye. Nice spot for enjoying the nature reserve.,agent
Kaylee,kwilson@tlsrealtyllc.com,113 Gardenview Dr Unit 395P,Pittsboro,"$504,900","BUILD YOUR LENOX IN MEADOWVIEW! This proposed 2,542 SF home offers 3 bedrooms, 2.5 baths, a dedicated Study, spacious Bonus Room and attached 2-car garage. The open main level brings the Kitchen, Dining area and Great Room together for easy everyday living, while the private Study provides valuable space for working from home. Upstairs, the spacious Primary Suite is joined by two additional bedrooms, a full bath and an oversized Bonus Room for flexible living space. True Homes' semi-custom approach gives you opportunities to personalize your home with available structural and design options, including a fourth bedroom in lieu of the Bonus Room, covered or screened porch, fireplace and Primary Bath choices. Choose your finishes and create the home that works for you. Proposed construction-let's build your dream home!",That bonus room at 113 Gardenview Dr Unit 395P caught my eye. Solid extra space at that price point.,agent
